<?xml version="1.0"?>
<doc>
    <assembly>
        <name>Buffalo.Win32Kernel</name>
    </assembly>
    <members>
        <member name="P:Buffalo.Win32Kernel.ComboBoxItem.Tag">
            <summary>
            附加信息
            </summary>
        </member>
        <member name="P:Buffalo.Win32Kernel.ComboBoxItem.Value">
            <summary>
            值
            </summary>
        </member>
        <member name="P:Buffalo.Win32Kernel.ComboBoxItem.Text">
            <summary>
            显示文本
            </summary>
        </member>
        <member name="T:Buffalo.Win32Kernel.DataGridViewUnit.BindingCollection`1">
            <summary>
            可排序绑定的集合
            </summary>
            <typeparam name="T"></typeparam>
        </member>
        <member name="M:Buffalo.Win32Kernel.DataGridViewUnit.BindingCollection`1.AddRange(System.Collections.Generic.IEnumerable{`0})">
            <summary>
            添加一个集合
            </summary>
            <param name="lst"></param>
        </member>
        <member name="T:Buffalo.Win32Kernel.DataGridViewUnit.ObjectPropertyCompare`1">
            <summary>
            实体属性对比器
            </summary>
            <typeparam name="T"></typeparam>
        </member>
        <member name="M:Buffalo.Win32Kernel.DataGridViewUnit.ObjectPropertyCompare`1.Compare(`0,`0)">
            <summary>
            比较方法
            </summary>
            <param name="x">相对属性x</param>
            <param name="y">相对属性y</param>
            <returns></returns>
        </member>
        <member name="M:Buffalo.Win32Kernel.IllegalCrossControl.SetProperty(System.Windows.Forms.Control,System.String,System.Object)">
            <summary>
            设置控件的属性
            </summary>
            <param name="ctr">要设置的控件</param>
            <param name="propertyName">属性名</param>
            <param name="value">属性值</param>
        </member>
        <member name="M:Buffalo.Win32Kernel.IllegalCrossControl.InvokeMethod(System.Windows.Forms.Control,System.String,System.Type[],System.Object[])">
            <summary>
            设置控件的属性
            </summary>
            <param name="ctr">要设置的控件</param>
            <param name="methodName">函数名</param>
            <param name="parametersType">参数类型</param>
            <param name="args">参数</param>
        </member>
        <member name="F:Buffalo.Win32Kernel.PEReader.DataSectionFlags.TypeReg">
            <summary>
            Reserved for future use.
            </summary>
        </member>
        <member name="F:Buffalo.Win32Kernel.PEReader.DataSectionFlags.TypeDsect">
            <summary>
            Reserved for future use.
            </summary>
        </member>
        <member name="F:Buffalo.Win32Kernel.PEReader.DataSectionFlags.TypeNoLoad">
            <summary>
            Reserved for future use.
            </summary>
        </member>
        <member name="F:Buffalo.Win32Kernel.PEReader.DataSectionFlags.TypeGroup">
            <summary>
            Reserved for future use.
            </summary>
        </member>
        <member name="F:Buffalo.Win32Kernel.PEReader.DataSectionFlags.TypeNoPadded">
            <summary>
            The section should not be padded to the next boundary. This flag is obsolete and is replaced by IMAGE_SCN_ALIGN_1BYTES. This is valid only for object files.
            </summary>
        </member>
        <member name="F:Buffalo.Win32Kernel.PEReader.DataSectionFlags.TypeCopy">
            <summary>
            Reserved for future use.
            </summary>
        </member>
        <member name="F:Buffalo.Win32Kernel.PEReader.DataSectionFlags.ContentCode">
            <summary>
            The section contains executable code.
            </summary>
        </member>
        <member name="F:Buffalo.Win32Kernel.PEReader.DataSectionFlags.ContentInitializedData">
            <summary>
            The section contains initialized data.
            </summary>
        </member>
        <member name="F:Buffalo.Win32Kernel.PEReader.DataSectionFlags.ContentUninitializedData">
            <summary>
            The section contains uninitialized data.
            </summary>
        </member>
        <member name="F:Buffalo.Win32Kernel.PEReader.DataSectionFlags.LinkOther">
            <summary>
            Reserved for future use.
            </summary>
        </member>
        <member name="F:Buffalo.Win32Kernel.PEReader.DataSectionFlags.LinkInfo">
            <summary>
            The section contains comments or other information. The .drectve section has this type. This is valid for object files only.
            </summary>
        </member>
        <member name="F:Buffalo.Win32Kernel.PEReader.DataSectionFlags.TypeOver">
            <summary>
            Reserved for future use.
            </summary>
        </member>
        <member name="F:Buffalo.Win32Kernel.PEReader.DataSectionFlags.LinkRemove">
            <summary>
            The section will not become part of the image. This is valid only for object files.
            </summary>
        </member>
        <member name="F:Buffalo.Win32Kernel.PEReader.DataSectionFlags.LinkComDat">
            <summary>
            The section contains COMDAT data. For more information, see section 5.5.6, COMDAT Sections (Object Only). This is valid only for object files.
            </summary>
        </member>
        <member name="F:Buffalo.Win32Kernel.PEReader.DataSectionFlags.NoDeferSpecExceptions">
            <summary>
            Reset speculative exceptions handling bits in the TLB entries for this section.
            </summary>
        </member>
        <member name="F:Buffalo.Win32Kernel.PEReader.DataSectionFlags.RelativeGP">
            <summary>
            The section contains data referenced through the global pointer (GP).
            </summary>
        </member>
        <member name="F:Buffalo.Win32Kernel.PEReader.DataSectionFlags.MemPurgeable">
            <summary>
            Reserved for future use.
            </summary>
        </member>
        <member name="F:Buffalo.Win32Kernel.PEReader.DataSectionFlags.Memory16Bit">
            <summary>
            Reserved for future use.
            </summary>
        </member>
        <member name="F:Buffalo.Win32Kernel.PEReader.DataSectionFlags.MemoryLocked">
            <summary>
            Reserved for future use.
            </summary>
        </member>
        <member name="F:Buffalo.Win32Kernel.PEReader.DataSectionFlags.MemoryPreload">
            <summary>
            Reserved for future use.
            </summary>
        </member>
        <member name="F:Buffalo.Win32Kernel.PEReader.DataSectionFlags.Align1Bytes">
            <summary>
            Align data on a 1-byte boundary. Valid only for object files.
            </summary>
        </member>
        <member name="F:Buffalo.Win32Kernel.PEReader.DataSectionFlags.Align2Bytes">
            <summary>
            Align data on a 2-byte boundary. Valid only for object files.
            </summary>
        </member>
        <member name="F:Buffalo.Win32Kernel.PEReader.DataSectionFlags.Align4Bytes">
            <summary>
            Align data on a 4-byte boundary. Valid only for object files.
            </summary>
        </member>
        <member name="F:Buffalo.Win32Kernel.PEReader.DataSectionFlags.Align8Bytes">
            <summary>
            Align data on an 8-byte boundary. Valid only for object files.
            </summary>
        </member>
        <member name="F:Buffalo.Win32Kernel.PEReader.DataSectionFlags.Align16Bytes">
            <summary>
            Align data on a 16-byte boundary. Valid only for object files.
            </summary>
        </member>
        <member name="F:Buffalo.Win32Kernel.PEReader.DataSectionFlags.Align32Bytes">
            <summary>
            Align data on a 32-byte boundary. Valid only for object files.
            </summary>
        </member>
        <member name="F:Buffalo.Win32Kernel.PEReader.DataSectionFlags.Align64Bytes">
            <summary>
            Align data on a 64-byte boundary. Valid only for object files.
            </summary>
        </member>
        <member name="F:Buffalo.Win32Kernel.PEReader.DataSectionFlags.Align128Bytes">
            <summary>
            Align data on a 128-byte boundary. Valid only for object files.
            </summary>
        </member>
        <member name="F:Buffalo.Win32Kernel.PEReader.DataSectionFlags.Align256Bytes">
            <summary>
            Align data on a 256-byte boundary. Valid only for object files.
            </summary>
        </member>
        <member name="F:Buffalo.Win32Kernel.PEReader.DataSectionFlags.Align512Bytes">
            <summary>
            Align data on a 512-byte boundary. Valid only for object files.
            </summary>
        </member>
        <member name="F:Buffalo.Win32Kernel.PEReader.DataSectionFlags.Align1024Bytes">
            <summary>
            Align data on a 1024-byte boundary. Valid only for object files.
            </summary>
        </member>
        <member name="F:Buffalo.Win32Kernel.PEReader.DataSectionFlags.Align2048Bytes">
            <summary>
            Align data on a 2048-byte boundary. Valid only for object files.
            </summary>
        </member>
        <member name="F:Buffalo.Win32Kernel.PEReader.DataSectionFlags.Align4096Bytes">
            <summary>
            Align data on a 4096-byte boundary. Valid only for object files.
            </summary>
        </member>
        <member name="F:Buffalo.Win32Kernel.PEReader.DataSectionFlags.Align8192Bytes">
            <summary>
            Align data on an 8192-byte boundary. Valid only for object files.
            </summary>
        </member>
        <member name="F:Buffalo.Win32Kernel.PEReader.DataSectionFlags.LinkExtendedRelocationOverflow">
            <summary>
            The section contains extended relocations.
            </summary>
        </member>
        <member name="F:Buffalo.Win32Kernel.PEReader.DataSectionFlags.MemoryDiscardable">
            <summary>
            The section can be discarded as needed.
            </summary>
        </member>
        <member name="F:Buffalo.Win32Kernel.PEReader.DataSectionFlags.MemoryNotCached">
            <summary>
            The section cannot be cached.
            </summary>
        </member>
        <member name="F:Buffalo.Win32Kernel.PEReader.DataSectionFlags.MemoryNotPaged">
            <summary>
            The section is not pageable.
            </summary>
        </member>
        <member name="F:Buffalo.Win32Kernel.PEReader.DataSectionFlags.MemoryShared">
            <summary>
            The section can be shared in memory.
            </summary>
        </member>
        <member name="F:Buffalo.Win32Kernel.PEReader.DataSectionFlags.MemoryExecute">
            <summary>
            The section can be executed as code.
            </summary>
        </member>
        <member name="F:Buffalo.Win32Kernel.PEReader.DataSectionFlags.MemoryRead">
            <summary>
            The section can be read.
            </summary>
        </member>
        <member name="F:Buffalo.Win32Kernel.PEReader.DataSectionFlags.MemoryWrite">
            <summary>
            The section can be written to.
            </summary>
        </member>
        <member name="M:Buffalo.Win32Kernel.PEReader.IMAGE_RESOURCE_DIRECTORYS.ImageResourceInfo.LoadInfo">
            <summary>
            加载信息
            </summary>
            <param name="deep">层深</param>
            <param name="baseOffest">基地址</param>
        </member>
        <member name="P:Buffalo.Win32Kernel.PEReader.IMAGE_RESOURCE_DIRECTORYS.ImageResourceInfo.ResourceDirectory">
            <summary>
            资源信息
            </summary>
        </member>
        <member name="P:Buffalo.Win32Kernel.PEReader.IMAGE_RESOURCE_DIRECTORYS.ImageResourceInfo.LstResourceInfo">
            <summary>
            资源信息集合
            </summary>
        </member>
        <member name="M:Buffalo.Win32Kernel.PEReader.IMAGE_RESOURCE_DIRECTORYS.ImageResourceManager.FillItems">
            <summary>
            筛选出资源信息
            </summary>
        </member>
        <member name="F:Buffalo.Win32Kernel.PEReader.IMAGE_RESOURCE_DIRECTORYS.IMAGE_RESOURCE_DATA_ENTRY.OffsetToData">
            <summary>
            资源数据的RVA
            </summary>
        </member>
        <member name="F:Buffalo.Win32Kernel.PEReader.IMAGE_RESOURCE_DIRECTORYS.IMAGE_RESOURCE_DATA_ENTRY.Size">
            <summary>
            资源数据长度
            </summary>
        </member>
        <member name="F:Buffalo.Win32Kernel.PEReader.IMAGE_RESOURCE_DIRECTORYS.IMAGE_RESOURCE_DATA_ENTRY.CodePage">
            <summary>
            代码页，一般为0
            </summary>
        </member>
        <member name="F:Buffalo.Win32Kernel.PEReader.IMAGE_RESOURCE_DIRECTORYS.IMAGE_RESOURCE_DATA_ENTRY.Reserved">
            <summary>
            保留字段
            </summary>
        </member>
        <member name="T:Buffalo.Win32Kernel.PEReader.IMAGE_RESOURCE_DIRECTORYS.IMAGE_RESOURCE_DIRECTORY">
            <summary>
            资源目录
            </summary>
        </member>
        <member name="F:Buffalo.Win32Kernel.PEReader.IMAGE_RESOURCE_DIRECTORYS.IMAGE_RESOURCE_DIRECTORY.Characteristics">
            <summary>
            标识此资源的类型,但通常为0
            </summary>
        </member>
        <member name="F:Buffalo.Win32Kernel.PEReader.IMAGE_RESOURCE_DIRECTORYS.IMAGE_RESOURCE_DIRECTORY.TimeDateStamp">
            <summary>
            资源建立时间
            </summary>
        </member>
        <member name="F:Buffalo.Win32Kernel.PEReader.IMAGE_RESOURCE_DIRECTORYS.IMAGE_RESOURCE_DIRECTORY.MajorVersion">
            <summary>
            版本号
            </summary>
        </member>
        <member name="F:Buffalo.Win32Kernel.PEReader.IMAGE_RESOURCE_DIRECTORYS.IMAGE_RESOURCE_DIRECTORY.MinorVersion">
            <summary>
            次版本号
            </summary>
        </member>
        <member name="F:Buffalo.Win32Kernel.PEReader.IMAGE_RESOURCE_DIRECTORYS.IMAGE_RESOURCE_DIRECTORY.NumberOfNamedEntries">
            <summary>
            使用名字资源条目的个数
            </summary>
        </member>
        <member name="F:Buffalo.Win32Kernel.PEReader.IMAGE_RESOURCE_DIRECTORYS.IMAGE_RESOURCE_DIRECTORY.NumberOfIdEntries">
            <summary>
            使用ID数字资源条目的个数
            </summary>
        </member>
        <member name="F:Buffalo.Win32Kernel.PEReader.IMAGE_RESOURCE_DIRECTORYS.IMAGE_RESOURCE_DIRECTORY_ENTRY.Name">
            <summary>
            目录项名称字符串指针或ID
            </summary>
        </member>
        <member name="F:Buffalo.Win32Kernel.PEReader.IMAGE_RESOURCE_DIRECTORYS.IMAGE_RESOURCE_DIRECTORY_ENTRY.OffsetToData">
            <summary>
            资源数据偏移地址或子目录偏移地址
            </summary>
        </member>
        <member name="F:Buffalo.Win32Kernel.PEReader.IMAGE_RESOURCE_DIRECTORYS.IMAGE_RESOURCE_DIR_STRING_U.Length">
            <summary>
            字符串长度
            </summary>
        </member>
        <member name="F:Buffalo.Win32Kernel.PEReader.IMAGE_RESOURCE_DIRECTORYS.IMAGE_RESOURCE_DIR_STRING_U.NameString">
            <summary>
            unicode字符串
            </summary>
        </member>
        <member name="P:Buffalo.Win32Kernel.PEReader.IMAGE_RESOURCE_DIRECTORYS.ResourceDirectoryEntryInfo.ResourceDirectorEntry">
            <summary>
            资源目录入口
            </summary>
        </member>
        <member name="P:Buffalo.Win32Kernel.PEReader.IMAGE_RESOURCE_DIRECTORYS.ResourceDirectoryEntryInfo.ResourceDirString">
            <summary>
            字符串
            </summary>
        </member>
        <member name="P:Buffalo.Win32Kernel.PEReader.IMAGE_RESOURCE_DIRECTORYS.ResourceDirectoryEntryInfo.NextDirectory">
            <summary>
            下一层目录
            </summary>
        </member>
        <member name="P:Buffalo.Win32Kernel.PEReader.IMAGE_RESOURCE_DIRECTORYS.ResourceDirectoryEntryInfo.ValueData">
            <summary>
            指向的资源
            </summary>
        </member>
        <member name="T:Buffalo.Win32Kernel.PEReader.IMAGE_RESOURCE_DIRECTORYS.ResourceEntry">
            <summary>
            资源信息
            </summary>
        </member>
        <member name="P:Buffalo.Win32Kernel.PEReader.IMAGE_RESOURCE_DIRECTORYS.ResourceEntry.Name">
            <summary>
            资源名
            </summary>
        </member>
        <member name="P:Buffalo.Win32Kernel.PEReader.IMAGE_RESOURCE_DIRECTORYS.ResourceEntry.ResourceInfo">
            <summary>
            资源的指向信息
            </summary>
        </member>
        <member name="P:Buffalo.Win32Kernel.PEReader.IMAGE_RESOURCE_DIRECTORYS.ResourceItem.Type">
            <summary>
            资源类型
            </summary>
        </member>
        <member name="P:Buffalo.Win32Kernel.PEReader.IMAGE_RESOURCE_DIRECTORYS.ResourceItem.Entrys">
            <summary>
            信息集合
            </summary>
        </member>
        <member name="T:Buffalo.Win32Kernel.PEReader.IMAGE_RESOURCE_DIRECTORYS.ResourceType">
            <summary>
            资源类型
            </summary>
        </member>
        <member name="F:Buffalo.Win32Kernel.PEReader.IMAGE_RESOURCE_DIRECTORYS.ResourceType.Unknow">
            <summary>
            无资源
            </summary>
        </member>
        <member name="F:Buffalo.Win32Kernel.PEReader.IMAGE_RESOURCE_DIRECTORYS.ResourceType.Cursor">
            <summary>
            光标
            </summary>
        </member>
        <member name="F:Buffalo.Win32Kernel.PEReader.IMAGE_RESOURCE_DIRECTORYS.ResourceType.Bitmap">
            <summary>
            位图
            </summary>
        </member>
        <member name="F:Buffalo.Win32Kernel.PEReader.IMAGE_RESOURCE_DIRECTORYS.ResourceType.Icon">
            <summary>
            图标
            </summary>
        </member>
        <member name="F:Buffalo.Win32Kernel.PEReader.IMAGE_RESOURCE_DIRECTORYS.ResourceType.Menu">
            <summary>
            菜单
            </summary>
        </member>
        <member name="F:Buffalo.Win32Kernel.PEReader.IMAGE_RESOURCE_DIRECTORYS.ResourceType.Dialog">
            <summary>
            对话框
            </summary>
        </member>
        <member name="F:Buffalo.Win32Kernel.PEReader.IMAGE_RESOURCE_DIRECTORYS.ResourceType.String">
            <summary>
            字符串
            </summary>
        </member>
        <member name="F:Buffalo.Win32Kernel.PEReader.IMAGE_RESOURCE_DIRECTORYS.ResourceType.FontDirectory">
            <summary>
            字体目录
            </summary>
        </member>
        <member name="F:Buffalo.Win32Kernel.PEReader.IMAGE_RESOURCE_DIRECTORYS.ResourceType.Font">
            <summary>
            字体
            </summary>
        </member>
        <member name="F:Buffalo.Win32Kernel.PEReader.IMAGE_RESOURCE_DIRECTORYS.ResourceType.Accelerators">
            <summary>
            加速键
            </summary>
        </member>
        <member name="F:Buffalo.Win32Kernel.PEReader.IMAGE_RESOURCE_DIRECTORYS.ResourceType.Unformatted">
            <summary>
            未格式资源
            </summary>
        </member>
        <member name="F:Buffalo.Win32Kernel.PEReader.IMAGE_RESOURCE_DIRECTORYS.ResourceType.MessageTable">
            <summary>
            消息表
            </summary>
        </member>
        <member name="F:Buffalo.Win32Kernel.PEReader.IMAGE_RESOURCE_DIRECTORYS.ResourceType.GroupCursor">
            <summary>
            光标组
            </summary>
        </member>
        <member name="F:Buffalo.Win32Kernel.PEReader.IMAGE_RESOURCE_DIRECTORYS.ResourceType.GroupIcon">
            <summary>
            图标组
            </summary>
        </member>
        <member name="F:Buffalo.Win32Kernel.PEReader.IMAGE_RESOURCE_DIRECTORYS.ResourceType.VersionInformation">
            <summary>
            版本信息
            </summary>
        </member>
        <member name="F:Buffalo.Win32Kernel.PEReader.PeHeaderReader.dosHeader">
            <summary>
            The DOS header
            </summary>
        </member>
        <member name="F:Buffalo.Win32Kernel.PEReader.PeHeaderReader.fileHeader">
            <summary>
            The file header
            </summary>
        </member>
        <member name="F:Buffalo.Win32Kernel.PEReader.PeHeaderReader.optionalHeader32">
            <summary>
            Optional 32 bit file header 
            </summary>
        </member>
        <member name="F:Buffalo.Win32Kernel.PEReader.PeHeaderReader.optionalHeader64">
            <summary>
            Optional 64 bit file header 
            </summary>
        </member>
        <member name="F:Buffalo.Win32Kernel.PEReader.PeHeaderReader.imageSectionHeaders">
            <summary>
            Image Section headers. Number of sections is in the file header.
            </summary>
        </member>
        <member name="M:Buffalo.Win32Kernel.PEReader.PeHeaderReader.LoadToResourceDirector(Buffalo.Win32Kernel.PEReader.IMAGE_DATA_DIRECTORY)">
            <summary>
            把此位置的表加载成资源表
            </summary>
        </member>
        <member name="M:Buffalo.Win32Kernel.PEReader.PeHeaderReader.RVAToFileOffest(System.Int64)">
            <summary>
            虚拟偏移转换成文件相对位置
            </summary>
            <param name="rav">内存相对地址</param>
            <returns></returns>
        </member>
        <member name="M:Buffalo.Win32Kernel.PEReader.PeHeaderReader.FindSectionHeader(System.Int64)">
            <summary>
            找出当前虚拟偏移所在的区段
            </summary>
            <returns></returns>
        </member>
        <member name="M:Buffalo.Win32Kernel.PEReader.PeHeaderReader.#ctor(System.IO.Stream)">
            <summary>
            PE读取器
            </summary>
            <param name="filePath"></param>
        </member>
        <member name="M:Buffalo.Win32Kernel.PEReader.PeHeaderReader.FromBinaryReader``1(System.IO.BinaryReader)">
            <summary>
            Reads in a block from a file and converts it to the struct
            type specified by the template parameter
            </summary>
            <typeparam name="T"></typeparam>
            <param name="reader"></param>
            <returns></returns>
        </member>
        <member name="P:Buffalo.Win32Kernel.PEReader.PeHeaderReader.BaseStream">
            <summary>
            文件流
            </summary>
        </member>
        <member name="P:Buffalo.Win32Kernel.PEReader.PeHeaderReader.PeReader">
            <summary>
            PE读取器
            </summary>
        </member>
        <member name="P:Buffalo.Win32Kernel.PEReader.PeHeaderReader.Is32BitHeader">
            <summary>
            Gets if the file header is 32 bit or not
            </summary>
        </member>
        <member name="P:Buffalo.Win32Kernel.PEReader.PeHeaderReader.FileHeader">
            <summary>
            Gets the file header
            </summary>
        </member>
        <member name="P:Buffalo.Win32Kernel.PEReader.PeHeaderReader.OptionalHeader32">
            <summary>
            Gets the optional header
            </summary>
        </member>
        <member name="P:Buffalo.Win32Kernel.PEReader.PeHeaderReader.OptionalHeader64">
            <summary>
            Gets the optional header
            </summary>
        </member>
        <member name="P:Buffalo.Win32Kernel.PEReader.PeHeaderReader.TimeStamp">
            <summary>
            Gets the timestamp from the file header
            </summary>
        </member>
        <member name="T:Buffalo.Win32Kernel.Properties.Resources">
            <summary>
              强类型资源类，用于查找本地化字符串等。
            </summary>
        </member>
        <member name="P:Buffalo.Win32Kernel.Properties.Resources.ResourceManager">
            <summary>
              返回此类使用的缓存 ResourceManager 实例。
            </summary>
        </member>
        <member name="P:Buffalo.Win32Kernel.Properties.Resources.Culture">
            <summary>
              为使用此强类型资源类的所有资源查找
              重写当前线程的 CurrentUICulture 属性。
            </summary>
        </member>
        <member name="T:Buffalo.Win32Kernel.Resource">
            <summary>
              强类型资源类，用于查找本地化字符串等。
            </summary>
        </member>
        <member name="P:Buffalo.Win32Kernel.Resource.ResourceManager">
            <summary>
              返回此类使用的缓存 ResourceManager 实例。
            </summary>
        </member>
        <member name="P:Buffalo.Win32Kernel.Resource.Culture">
            <summary>
              为使用此强类型资源类的所有资源查找
              重写当前线程的 CurrentUICulture 属性。
            </summary>
        </member>
        <member name="T:Buffalo.Win32Kernel.ScreenLibrary.ResizeType">
            <summary>
            表示調整大小模式
            </summary>
        </member>
        <member name="M:Buffalo.Win32Kernel.ScreenLibrary.BitMapDeal.PrintScreen(System.Drawing.Rectangle)">
            <summary>
            截取屏幕
            </summary>
            <param name="rect">开始截取位置</param>
            <returns></returns>
        </member>
        <member name="M:Buffalo.Win32Kernel.ScreenLibrary.BitMapDeal.SelectionPrintScreen">
            <summary>
            区域截取屏幕
            </summary>
            <returns></returns>
        </member>
        <member name="M:Buffalo.Win32Kernel.ScreenLibrary.BitMapDeal.BitmapCut(System.Drawing.Image,System.Int32,System.Int32,System.Int32,System.Int32)">
            <summary>
            取得圖象指定區域的信息，並創建為一個新的圖象返回。
            </summary>
            <param name="img">圖象。</param>
            <param name="x">圖象內起始的 X 坐標處。</param>
            <param name="y">圖象內起始的 Y 坐標處</param>
            <param name="width">需要獲得的區域寬度。</param>
            <param name="height">需要獲得的區域高度。</param>
            <returns></returns>
        </member>
        <member name="M:Buffalo.Win32Kernel.ScreenLibrary.BitMapDeal.GetScreenBitmap">
            <summary>
            截取屏幕图像。
            </summary>
            <returns></returns>
        </member>
        <member name="T:Buffalo.Win32Kernel.ScreenLibrary.ScreenWnd">
            <summary>
            屏幕截圖器。
            </summary>
        </member>
        <member name="M:Buffalo.Win32Kernel.ScreenLibrary.ScreenWnd.OnPaintBackground(System.Windows.Forms.PaintEventArgs)">
            <summary>
            將屏幕圖象繪制為為本窗口的背景。
            </summary>
            <param name="e"></param>
        </member>
        <member name="M:Buffalo.Win32Kernel.ScreenLibrary.ScreenWnd.ScreenWnd_KeyDown(System.Object,System.Windows.Forms.KeyEventArgs)">
            <summary>
            按 ESC 鍵時取消屏幕截圖。
            </summary>
            <param name="sender"></param>
            <param name="e"></param>
        </member>
        <member name="M:Buffalo.Win32Kernel.ScreenLibrary.ScreenWnd.DrawSelection">
            <summary>
            繪制選區表現。
            </summary>
        </member>
        <member name="M:Buffalo.Win32Kernel.ScreenLibrary.ScreenWnd.MoveSelection(System.Int32,System.Int32)">
            <summary>
            已選中區域的移動表現。
            </summary>
            <param name="MouseX">當前鼠標的 X 坐標</param>
            <param name="MouseY">當前鼠標的 Y 坐標</param>
        </member>
        <member name="M:Buffalo.Win32Kernel.ScreenLibrary.ScreenWnd.ResizeSelection(Buffalo.Win32Kernel.ScreenLibrary.ResizeType,System.Int32,System.Int32)">
            <summary>
            调整选区的大小。
            </summary>
            <param name="Resize">选区的大小调整方式。</param>
            <param name="X">当前鼠标的 X 坐标。</param>
            <param name="Y">当前鼠标的 Y 坐标。</param>
        </member>
        <member name="M:Buffalo.Win32Kernel.ScreenLibrary.ScreenWnd.OnMouseDown(System.Windows.Forms.MouseEventArgs)">
            <summary>
            当鼠标按下时。
            </summary>
            <param name="e"></param>
        </member>
        <member name="M:Buffalo.Win32Kernel.ScreenLibrary.ScreenWnd.OnMouseUp(System.Windows.Forms.MouseEventArgs)">
            <summary>
            当鼠标弹起时。
            </summary>
            <param name="e"></param>
        </member>
        <member name="M:Buffalo.Win32Kernel.ScreenLibrary.ScreenWnd.OnMouseMove(System.Windows.Forms.MouseEventArgs)">
            <summary>
            当鼠标移动时。
            </summary>
            <param name="e"></param>
        </member>
        <member name="M:Buffalo.Win32Kernel.ScreenLibrary.ScreenWnd.CancelScreenshots">
            <summary>
            取消截圖。
            </summary>
        </member>
        <member name="M:Buffalo.Win32Kernel.ScreenLibrary.ScreenWnd.ScreenshotsComplete">
            <summary>
            完成截圖。
            </summary>
        </member>
        <member name="M:Buffalo.Win32Kernel.ScreenLibrary.ScreenWnd.contextMenuStrip1_Opening(System.Object,System.ComponentModel.CancelEventArgs)">
            <summary>
            控制截圖菜單的可用性。
            </summary>
            <param name="sender"></param>
            <param name="e"></param>
        </member>
        <member name="M:Buffalo.Win32Kernel.ScreenLibrary.ScreenWnd.smi_Cancel_Click(System.Object,System.EventArgs)">
            <summary>
            點擊取菜命令時。
            </summary>
            <param name="sender"></param>
            <param name="e"></param>
        </member>
        <member name="M:Buffalo.Win32Kernel.ScreenLibrary.ScreenWnd.smi_OK_Click(System.Object,System.EventArgs)">
            <summary>
            點擊完成命令時。
            </summary>
            <param name="sender"></param>
            <param name="e"></param>
        </member>
        <member name="M:Buffalo.Win32Kernel.ScreenLibrary.ScreenWnd.ScreenWnd_DoubleClick(System.Object,System.EventArgs)">
            <summary>
            選定區域後雙擊完成截圖。
            </summary>
            <param name="sender"></param>
            <param name="e"></param>
        </member>
        <member name="F:Buffalo.Win32Kernel.ScreenLibrary.ScreenWnd.components">
            <summary>
            Required designer variable.
            </summary>
        </member>
        <member name="M:Buffalo.Win32Kernel.ScreenLibrary.ScreenWnd.Dispose(System.Boolean)">
            <summary>
            Clean up any resources being used.
            </summary>
            <param name="disposing">true if managed resources should be disposed; otherwise, false.</param>
        </member>
        <member name="M:Buffalo.Win32Kernel.ScreenLibrary.ScreenWnd.InitializeComponent">
            <summary>
            Required method for Designer support - do not modify
            the contents of this method with the code editor.
            </summary>
        </member>
        <member name="T:Buffalo.Win32Kernel.ServicesUnit.ServiceInfo">
            <summary>
            服务安装信息
            </summary>
        </member>
        <member name="M:Buffalo.Win32Kernel.ServicesUnit.ServiceInfo.GetServicesByName(System.String)">
            <summary>
            获取服务信息
            </summary>
            <param name="name"></param>
            <returns></returns>
        </member>
        <member name="M:Buffalo.Win32Kernel.ServicesUnit.ServiceInfo.FillServicesInfo(Buffalo.Win32Kernel.ServicesUnit.ServiceInfo)">
            <summary>
            填充服务的信息
            </summary>
            <param name="info"></param>
        </member>
        <member name="M:Buffalo.Win32Kernel.ServicesUnit.ServiceInfo.GetController">
            <summary>
            服务控制器
            </summary>
        </member>
        <member name="M:Buffalo.Win32Kernel.ServicesUnit.ServiceInfo.Remove">
            <summary>
            删除此服务
            </summary>
            <returns></returns>
        </member>
        <member name="M:Buffalo.Win32Kernel.ServicesUnit.ServiceInfo.Save">
            <summary>
            保存配置
            </summary>
            <returns></returns>
        </member>
        <member name="P:Buffalo.Win32Kernel.ServicesUnit.ServiceInfo.Name">
            <summary>
            服务名
            </summary>
        </member>
        <member name="P:Buffalo.Win32Kernel.ServicesUnit.ServiceInfo.DisplayName">
            <summary>
            显示名
            </summary>
        </member>
        <member name="P:Buffalo.Win32Kernel.ServicesUnit.ServiceInfo.Description">
            <summary>
            描述
            </summary>
        </member>
        <member name="P:Buffalo.Win32Kernel.ServicesUnit.ServiceInfo.StarType">
            <summary>
            启动类型
            </summary>
        </member>
        <member name="P:Buffalo.Win32Kernel.ServicesUnit.ServiceInfo.StateInfo">
            <summary>
            当前服务状态
            </summary>
        </member>
        <member name="P:Buffalo.Win32Kernel.ServicesUnit.ServiceInfo.Path">
            <summary>
            服务路径
            </summary>
        </member>
        <member name="P:Buffalo.Win32Kernel.ServicesUnit.ServiceInfo.Exists">
            <summary>
            是否存在
            </summary>
        </member>
        <member name="M:Buffalo.Win32Kernel.ServicesUnit.ServicesManager.BindService">
            <summary>
            获取服务集合
            </summary>
        </member>
        <member name="M:Buffalo.Win32Kernel.ServicesUnit.ServicesManager.GetController(System.String)">
            <summary>
            获取服务
            </summary>
            <param name="servicesName"></param>
            <returns></returns>
        </member>
        <member name="M:Buffalo.Win32Kernel.ServicesUnit.ServicesManager.RefreashServices">
            <summary>
            刷新服务缓存
            </summary>
        </member>
        <member name="M:Buffalo.Win32Kernel.ServicesUnit.ServicesManager.InstallServices(Buffalo.Win32Kernel.ServicesUnit.ServiceInfo)">
            <summary>
            创建服务
            </summary>
            <param name="servicesName"></param>
            <returns></returns>
        </member>
        <member name="M:Buffalo.Win32Kernel.ServicesUnit.ServicesManager.SetDescription(Buffalo.Win32Kernel.ServicesUnit.ServiceInfo)">
            <summary>
            设置注释
            </summary>
            <param name="info"></param>
            <returns></returns>
        </member>
        <member name="M:Buffalo.Win32Kernel.ServicesUnit.ServicesManager.GetServicesKey(System.String)">
            <summary>
            获取服务所在的注册表
            </summary>
            <param name="servicesName"></param>
            <returns></returns>
        </member>
        <member name="M:Buffalo.Win32Kernel.ServicesUnit.ServicesManager.UnInstallServices(System.ServiceProcess.ServiceController)">
            <summary>
            卸载服务
            </summary>
            <param name="servicesName"></param>
            <returns></returns>
        </member>
        <!-- 对于成员“M:Buffalo.Win32Kernel.SingleForms.IsControlExists(System.Windows.Forms.Control)”忽略有格式错误的 XML 注释 -->
        <member name="M:Buffalo.Win32Kernel.SingleForms.GetControl(System.String,System.Object[])">
            <summary>
            根据Form的类型获取其实例
            </summary>
            <param name="typeName">类型名</param>
            <param name="args">参数</param>
            <returns></returns>
        </member>
        <member name="M:Buffalo.Win32Kernel.SingleForms.GetControl(System.Type,System.Object[])">
            <summary>
            根据Form的类型获取其实例
            </summary>
            <param name="type"></param>
            <returns></returns>
        </member>
        <member name="M:Buffalo.Win32Kernel.SingleForms.GetControl``1(System.Object[])">
            <summary>
            获取指定窗体
            </summary>
            <typeparam name="T">窗体类型</typeparam>
            <returns></returns>
        </member>
        <member name="M:Buffalo.Win32Kernel.SingleForms.GetForm``1(System.Object[])">
            <summary>
            获取指定窗体
            </summary>
            <typeparam name="T">窗体类型</typeparam>
            <returns></returns>
        </member>
        <member name="M:Buffalo.Win32Kernel.ThreadCycle.GetCurTnreadCycle">
            <summary>
            获取当前线程周期
            </summary>
            <returns></returns>
        </member>
        <member name="M:Buffalo.Win32Kernel.ThreadCycle.Star">
            <summary>
            开始
            </summary>
        </member>
        <member name="M:Buffalo.Win32Kernel.ThreadCycle.Stop">
            <summary>
            停止
            </summary>
        </member>
        <member name="P:Buffalo.Win32Kernel.ThreadCycle.TotleCycle">
            <summary>
            获取一共用了多少CPU周期
            </summary>
            <returns></returns>
        </member>
        <member name="T:Buffalo.Win32Kernel.UpdateModelUnit.ControlDefaultValue">
            <summary>
            获取控件的默认属性的类
            </summary>
        </member>
        <member name="M:Buffalo.Win32Kernel.UpdateModelUnit.ControlDefaultValue.GetDefaultPropertyName(System.Windows.Forms.Control)">
            <summary>
            获取该类的默认属性名
            </summary>
            <param name="ctr">控件</param>
            <returns></returns>
        </member>
        <member name="M:Buffalo.Win32Kernel.UpdateModelUnit.ControlDefaultValue.GetDefaultContorltPropertyName(System.Windows.Forms.Control)">
            <summary>
            获取系统预设的控件类型的默认属性名
            </summary>
            <param name="ctr">控件</param>
            <returns></returns>
        </member>
        <member name="M:Buffalo.Win32Kernel.UpdateModelUnit.ControlDefaultValue.GetDefaultPropertyValue(System.Reflection.PropertyInfo)">
            <summary>
            获取该属性的默认值
            </summary>
            <param name="pinf">字段信息</param>
            <returns></returns>
        </member>
        <member name="M:Buffalo.Win32Kernel.UpdateModelUnit.ControlDefaultValue.GetDefaultPropertyInfo(System.Windows.Forms.Control)">
            <summary>
            获取控件的默认属性的信息
            </summary>
            <param name="ctr"></param>
            <returns></returns>
        </member>
        <member name="M:Buffalo.Win32Kernel.UpdateModelUnit.ControlDefaultValue.GetDefaultPropertyInfoWithoutCache(System.Windows.Forms.Control)">
            <summary>
            无缓存的获取控件默认值
            </summary>
            <param name="ctr"></param>
            <returns></returns>
        </member>
        <member name="M:Buffalo.Win32Kernel.UpdateModelUnit.ControlDefaultValue.ResetContorlValue(System.Windows.Forms.Control)">
            <summary>
            重置控件的默认值
            </summary>
            <param name="ctr">控件</param>
        </member>
        <member name="M:Buffalo.Win32Kernel.UpdateModelUnit.ControlDefaultValue.GetControlDefaultPropertyValue(System.Windows.Forms.Control)">
            <summary>
            获取该控件的默认属性
            </summary>
            <param name="ctr">控件</param>
            <returns></returns>
        </member>
        <member name="M:Buffalo.Win32Kernel.UpdateModelUnit.ControlDefaultValue.GetControlDefaultPropertyValue(System.Windows.Forms.Control,Buffalo.Kernel.UpdateModelUnit.ContorlDefaultPropertyInfo)">
            <summary>
            获取该控件的默认属性
            </summary>
            <param name="ctr">控件</param>
            <returns></returns>
        </member>
        <member name="M:Buffalo.Win32Kernel.UpdateModelUnit.ControlDefaultValue.SetControlDefaultPropertyValue(System.Windows.Forms.Control,System.Object)">
            <summary>
            设置该控件的默认属性
            </summary>
            <param name="ctr">控件</param>
            <param name="value">属性值</param>
        </member>
        <member name="T:Buffalo.Win32Kernel.UpdateModelUnit.ModelUpdateHelper">
            <summary>
            实体填充帮助类
            </summary>
        </member>
        <member name="M:Buffalo.Win32Kernel.UpdateModelUnit.ModelUpdateHelper.UpdateModel(System.Windows.Forms.Control,System.Object)">
            <summary>
            更新实体
            </summary>
            <param name="container">容器</param>
            <param name="model">实体</param>
            <param name="type">命名类型</param>
        </member>
        <member name="M:Buffalo.Win32Kernel.UpdateModelUnit.ModelUpdateHelper.UpdateModel(System.Windows.Forms.Control,System.Object,Buffalo.Kernel.UpdateModelUnit.PrefixType)">
            <summary>
            更新实体
            </summary>
            <param name="container">容器</param>
            <param name="model">实体</param>
            <param name="type">命名类型</param>
        </member>
        <member name="M:Buffalo.Win32Kernel.UpdateModelUnit.ModelUpdateHelper.SetModelValue(System.Windows.Forms.Control,System.Object,Buffalo.Kernel.FastReflection.PropertyInfoHandle)">
            <summary>
            给模型赋值
            </summary>
            <param name="ctr">控件</param>
            <param name="model">模型</param>
            <param name="handle">属性信息</param>
        </member>
        <member name="M:Buffalo.Win32Kernel.UpdateModelUnit.ModelUpdateHelper.FillForm(System.Windows.Forms.Control,System.Object)">
            <summary>
            实体信息填充到表单
            </summary>
            <param name="container">容器</param>
            <param name="model">实体</param>
        </member>
        <member name="M:Buffalo.Win32Kernel.UpdateModelUnit.ModelUpdateHelper.FillForm(System.Windows.Forms.Control,System.Object,Buffalo.Kernel.UpdateModelUnit.PrefixType)">
            <summary>
            实体信息填充到表单
            </summary>
            <param name="container">容器</param>
            <param name="model">实体</param>
            <param name="type">命名类型</param>
        </member>
        <member name="M:Buffalo.Win32Kernel.Win32.AsmManager.RunAsm(System.Byte[],System.Int32)">
            <summary>
            开启新线程运行asm代码
            </summary>
            <param name="asmCode"></param>
            <param name="pid"></param>
        </member>
        <member name="T:Buffalo.Win32Kernel.Win32.ClipboardListener">
            <summary>
            剪贴板监听器
            </summary>
        </member>
        <member name="M:Buffalo.Win32Kernel.Win32.ClipboardListener.#ctor(System.IntPtr)">
            <summary>
            剪贴板监听器
            </summary>
            <param name="handle">关联的控件句柄</param>
        </member>
        <member name="M:Buffalo.Win32Kernel.Win32.ClipboardListener.GetIsWinVistaOrLater">
            <summary>
            是否Vista以上
            </summary>
            <returns></returns>
        </member>
        <member name="M:Buffalo.Win32Kernel.Win32.ClipboardListener.Listen">
            <summary>
            监听剪贴板
            </summary>
        </member>
        <member name="M:Buffalo.Win32Kernel.Win32.ClipboardListener.StopListen">
            <summary>
            停止监听
            </summary>
        </member>
        <member name="M:Buffalo.Win32Kernel.Win32.ClipboardListener.DoWndProc(System.Windows.Forms.Message)">
            <summary>
            通知监听器控件触发了WndProc事件(请在WndProc)里调用)
            </summary>
            <param name="m">WndProc的消息</param>
            <returns></returns>
        </member>
        <member name="E:Buffalo.Win32Kernel.Win32.ClipboardListener.OnClipboardWrite">
            <summary>
            当剪贴板被写入时候触发
            </summary>
        </member>
        <member name="P:Buffalo.Win32Kernel.Win32.ClipboardListener.HNextClipboardViewer">
            <summary>
            下一个监视的窗口
            </summary>
        </member>
        <member name="P:Buffalo.Win32Kernel.Win32.ClipboardListener.IsListen">
            <summary>
            是否在监听
            </summary>
        </member>
        <member name="P:Buffalo.Win32Kernel.Win32.ClipboardListener.Handle">
            <summary>
            关联的控件句柄
            </summary>
        </member>
        <member name="T:Buffalo.Win32Kernel.FormInfo">
            <summary>
            窗体的信息
            </summary>
        </member>
        <member name="M:Buffalo.Win32Kernel.FormInfo.GetContorlText(System.IntPtr)">
            <summary>
            获取控件的文本值
            </summary>
            <param name="txthandle"></param>
            <returns></returns>
        </member>
        <member name="T:Buffalo.Win32Kernel.Win32.HardwareInfo">
            <summary>
            得到硬盘与CPU的ID及网卡MAC
            </summary>
        </member>
        <member name="M:Buffalo.Win32Kernel.Win32.HardwareInfo.GetHostName">
            <summary>
            取机器名 
            </summary>
            <returns></returns>
        </member>
        <member name="M:Buffalo.Win32Kernel.Win32.HardwareInfo.GetCpuID">
            <summary>
            取CPU编号
            </summary>
            <returns></returns>
        </member>
        <member name="M:Buffalo.Win32Kernel.Win32.HardwareInfo.GetHardDiskID">
            <summary>
            取第一块硬盘编号
            </summary>
            <returns></returns>
        </member>
        <member name="M:Buffalo.Win32Kernel.Win32.HardwareInfo.GetMacAddress">
            <summary>
            得到网卡MAC
            </summary>
            <returns></returns>
        </member>
        <member name="M:Buffalo.Win32Kernel.Win32.HardwareInfo.GetMacByIP(System.String)">
            <summary>
            根据IP获取MAC
            </summary>
            <param name="ip"></param>
            <returns></returns>
        </member>
        <member name="M:Buffalo.Win32Kernel.Win32.HotKey.Register">
            <summary>
            注册此热键
            </summary>
        </member>
        <member name="M:Buffalo.Win32Kernel.Win32.HotKey.UnRegister">
            <summary>
            卸载此热键热键
            </summary>
        </member>
        <member name="M:Buffalo.Win32Kernel.Win32.HotKey.DoWndProc(System.Windows.Forms.Message)">
            <summary>
            通知监听器控件触发了WndProc事件(请在WndProc)里调用)
            </summary>
            <param name="m">WndProc的消息</param>
            <returns></returns>
        </member>
        <member name="E:Buffalo.Win32Kernel.Win32.HotKey.OnHotKeyPress">
            <summary>
            当热键被触发
            </summary>
        </member>
        <member name="P:Buffalo.Win32Kernel.Win32.HotKey.Id">
            <summary>
            热键的标识
            </summary>
        </member>
        <member name="P:Buffalo.Win32Kernel.Win32.HotKey.ModifierKey">
            <summary>
            屏蔽键
            </summary>
        </member>
        <member name="P:Buffalo.Win32Kernel.Win32.HotKey.Key">
            <summary>
            按键
            </summary>
        </member>
        <member name="P:Buffalo.Win32Kernel.Win32.HotKey.BindControl">
            <summary>
            绑定的控件s
            </summary>
        </member>
        <member name="P:Buffalo.Win32Kernel.Win32.HotKey.IsRegistered">
            <summary>
            是否已经注册了热键
            </summary>
        </member>
        <member name="M:Buffalo.Win32Kernel.Win32.KeyBoardListener.SetCombination(System.Int32,System.Boolean)">
            <summary>
            设置组合键
            </summary>
            <param name="vkCode"></param>
        </member>
        <member name="M:Buffalo.Win32Kernel.Win32.KeyBoardListener.MakeKeys(System.Int32)">
            <summary>
            组合按键信息
            </summary>
            <param name="vkCode"></param>
            <returns></returns>
        </member>
        <member name="P:Buffalo.Win32Kernel.Win32.KeyBoardListener.IsListening">
            <summary>
            是否已经监控
            </summary>
        </member>
        <member name="P:Buffalo.Win32Kernel.Win32.MessageBoxEx.DefaultLCID">
            <summary>
            默认区域ID
            </summary>
        </member>
        <member name="T:Buffalo.Win32Kernel.Win32.ParallelPort">
            <summary>
            并口控制类
            </summary>
        </member>
        <member name="M:Buffalo.Win32Kernel.Win32.ParallelPort.WriteData(System.Byte[])">
            <summary>
            写入数据
            </summary>
            <param name="data">数据</param>
            <returns></returns>
        </member>
        <member name="M:Buffalo.Win32Kernel.Win32.ParallelPort.ReadData(System.Int32)">
            <summary>
            读状态
            </summary>
            <param name="len">长度</param>
            <returns></returns>
        </member>
        <member name="M:Buffalo.Win32Kernel.Win32.ParallelPort.Open">
            <summary>
            打开端口
            </summary>
        </member>
        <member name="M:Buffalo.Win32Kernel.Win32.ParallelPort.Close">
            <summary>
            关闭端口
            </summary>
        </member>
        <member name="M:Buffalo.Win32Kernel.Win32.ParallelPort.#ctor(System.String)">
            <summary>
            并口通信
            </summary>
            <param name="portName"></param>
        </member>
        <member name="P:Buffalo.Win32Kernel.Win32.ParallelPort.IsOpen">
            <summary>
            是否开启
            </summary>
        </member>
        <member name="P:Buffalo.Win32Kernel.Win32.ParallelPort.Name">
            <summary>
            并口名
            </summary>
        </member>
        <member name="P:Buffalo.Win32Kernel.Win32.ParallelPort.BasePort">
            <summary>
            端口基址
            </summary>
        </member>
        <member name="M:Buffalo.Win32Kernel.Win32.ProcessUrlRegistry.CheckReg(System.String)">
            <summary>
            检查注册表
            </summary>
            <param name="processName"></param>
            <returns></returns>
        </member>
        <member name="M:Buffalo.Win32Kernel.Win32.ProcessUrlRegistry.RegistryTo(System.String,System.String)">
            <summary>
            注册程序
            </summary>
            <param name="processName"></param>
            <param name="fileName"></param>
        </member>
        <member name="T:Buffalo.Win32Kernel.Win32.RegExportImport">
            <summary>
            该类是对注册表导入导出的操作
            </summary>
        </member>
        <member name="M:Buffalo.Win32Kernel.Win32.RegExportImport.ExportReg(System.String,System.String)">
            <summary>
            从注册表导出到文件，在导出的过程是异步的，不受操作进程管理
            </summary>
            <param name="SavingFilePath">从注册表导出的文件，如果是已存在的，会提示覆盖；
            如果不存在由参数指定名字的文件，将自动创建一个。导出的文件的扩展名应当是.REG的</param>
            <param name="regPath">指定注册表的某一键被导出，如果指定null值，将导出整个注册表</param>
            <returns>成功返回0，用户中断返回1</returns>
        </member>
        <member name="M:Buffalo.Win32Kernel.Win32.RegExportImport.ImportReg(System.String,System.String)">
            <summary>
            从文件导入的注册表
            </summary>
            <param name="SavedFilePath">指定在磁盘上存在的文件，如果指定的文件不存在，将抛出异常</param>
            <param name="regPath">指定注册表的键（包含在SavedFilePath文件中保存的关键字），如果该参数设置为null将导入整个SavedFilePath文件
            中保存的所有关于注册表的关键字</param>
            <returns>成功返回0</returns>
        </member>
        <member name="T:Buffalo.Win32Kernel.Win32.RegistryUtil">
            <summary>
            Summary description for Registry.
            </summary>
        </member>
        <member name="T:Buffalo.Win32Kernel.Win32.WindowsApplication">
            <summary>
            系统程序
            </summary>
        </member>
        <member name="M:Buffalo.Win32Kernel.Win32.WindowsApplication.DebugKillProcessById(System.Int32)">
            <summary>
            用Debug模式关闭进程(本进程也会关闭)
            </summary>
            <param name="id"></param>
        </member>
        <member name="M:Buffalo.Win32Kernel.Win32.WindowsApplication.KillProcess(System.Int32)">
            <summary>
            关闭进程
            </summary>
            <param name="id"></param>
        </member>
        <member name="M:Buffalo.Win32Kernel.Win32.WindowsApplication.EnablePrivilege(System.Boolean)">
            <summary>
            提升Debug权限
            </summary>
            <param name="enable"></param>
        </member>
        <member name="M:Buffalo.Win32Kernel.Win32.WindowsApplication.SetWallPaper(System.String)">
            <summary>
            设置壁纸
            </summary>
            <param name="picRoot">壁纸路径</param>
        </member>
        <member name="M:Buffalo.Win32Kernel.Win32.WindowsApplication.PrintScreen(System.Drawing.Rectangle)">
            <summary>
            截取屏幕
            </summary>
            <param name="rect">开始截取位置</param>
            <returns></returns>
        </member>
        <member name="M:Buffalo.Win32Kernel.Win32.WindowsApplication.PrintScreen">
            <summary>
            截取屏幕
            </summary>
            <param name="rect">开始截取位置</param>
            <returns></returns>
        </member>
        <member name="M:Buffalo.Win32Kernel.Win32.WindowsApplication.RefreashRegist">
            <summary>
            刷新注册表
            </summary>
        </member>
        <member name="M:Buffalo.Win32Kernel.Win32.WindowsApplication.DoExitWin(Buffalo.Kernel.Win32.EWX)">
            <summary>
            退出系统
            </summary>
            <param name="flg">标识</param>
        </member>
    </members>
</doc>
