<?xml version="1.0"?>
<doc>
    <assembly>
        <name>Buffalo.GeneratorInfo</name>
    </assembly>
    <members>
        <member name="T:Buffalo.GeneratorInfo.Property">
            <summary>
            生成属性的项
            </summary>
        </member>
        <member name="M:Buffalo.GeneratorInfo.Property.#ctor(System.Collections.Generic.Dictionary{System.String,System.Object},System.String,System.String,System.String,System.String,Buffalo.GeneratorInfo.TableInfo,Buffalo.GeneratorInfo.RelationInfo)">
            <summary>
            生成属性的项
            </summary>
            <param name="dicCheckItem">选中的项</param>
            <param name="typeFullName">对应的字段类型全名</param>
            <param name="summary">注释</param>
            <param name="typeName">类型名</param>
            <param name="propertyName">对应的属性名</param>
            <param name="dbInfo">属性的关联数据库信息</param>
            <param name="relInfo">关联信息</param>
        </member>
        <member name="M:Buffalo.GeneratorInfo.Property.GetValue(System.String)">
            <summary>
            获取值
            </summary>
            <param name="itemName"></param>
            <returns></returns>
        </member>
        <member name="M:Buffalo.GeneratorInfo.Property.HasItem(System.String)">
            <summary>
            获取是否选中项
            </summary>
            <param name="itemName">项名称</param>
            <returns></returns>
        </member>
        <member name="P:Buffalo.GeneratorInfo.Property.TableInfo">
            <summary>
            属性的关联数据库信息
            </summary>
        </member>
        <member name="P:Buffalo.GeneratorInfo.Property.RelInfo">
            <summary>
            关联信息
            </summary>
        </member>
        <member name="P:Buffalo.GeneratorInfo.Property.CheckItem">
            <summary>
            选中的项
            </summary>
        </member>
        <member name="P:Buffalo.GeneratorInfo.Property.TypeFullName">
            <summary>
            对应的字段类型
            </summary>
        </member>
        <member name="P:Buffalo.GeneratorInfo.Property.Summary">
            <summary>
            注释
            </summary>
        </member>
        <member name="P:Buffalo.GeneratorInfo.Property.TypeName">
            <summary>
            类型名
            </summary>
        </member>
        <member name="P:Buffalo.GeneratorInfo.Property.PropertyName">
            <summary>
            对应的属性名
            </summary>
        </member>
        <member name="T:Buffalo.GeneratorInfo.EntityInfo">
            <summary>
            要生成实体信息
            </summary>
        </member>
        <member name="M:Buffalo.GeneratorInfo.EntityInfo.#ctor(System.String,System.String,System.String,System.String,System.String,System.String,System.Collections.Generic.List{Buffalo.GeneratorInfo.Property},System.Collections.Generic.Dictionary{System.String,System.Collections.Generic.List{System.String}},Buffalo.GeneratorInfo.Property)">
            <summary>
            要生成实体信息
            </summary>
            <param name="dbName">数据库名</param>
            <param name="fileName">类文件名</param>
            <param name="nameSpace">命名空间</param>
            <param name="className">类名</param>
            <param name="summary">注释</param>
            <param name="baseTypeName">基类名</param>
            <param name="dicGenericInfo">泛型信息</param>
            <param name="lstAllProperty">所有属性</param>
            <param name="model">可选项信息</param>
        </member>
        <member name="M:Buffalo.GeneratorInfo.EntityInfo.GetValue(System.String)">
            <summary>
            获取值
            </summary>
            <param name="itemName"></param>
            <returns></returns>
        </member>
        <member name="M:Buffalo.GeneratorInfo.EntityInfo.HasItem(System.String)">
            <summary>
            获取是否选中项
            </summary>
            <param name="itemName">项名称</param>
            <returns></returns>
        </member>
        <member name="P:Buffalo.GeneratorInfo.EntityInfo.DBName">
            <summary>
            类图名
            </summary>
        </member>
        <member name="P:Buffalo.GeneratorInfo.EntityInfo.FileName">
            <summary>
            文件名
            </summary>
        </member>
        <member name="P:Buffalo.GeneratorInfo.EntityInfo.Namespace">
            <summary>
            命名空间
            </summary>
        </member>
        <member name="P:Buffalo.GeneratorInfo.EntityInfo.ClassName">
            <summary>
            类名
            </summary>
        </member>
        <member name="P:Buffalo.GeneratorInfo.EntityInfo.FullName">
            <summary>
            类全名
            </summary>
        </member>
        <member name="P:Buffalo.GeneratorInfo.EntityInfo.Summary">
            <summary>
            注释
            </summary>
        </member>
        <member name="P:Buffalo.GeneratorInfo.EntityInfo.BaseTypeName">
            <summary>
            基名称
            </summary>
        </member>
        <member name="P:Buffalo.GeneratorInfo.EntityInfo.GenericInfo">
            <summary>
            泛型信息
            </summary>
        </member>
        <member name="P:Buffalo.GeneratorInfo.EntityInfo.AllProperty">
            <summary>
            所有属性
            </summary>
        </member>
        <member name="P:Buffalo.GeneratorInfo.EntityInfo.PrimaryProperty">
            <summary>
            主键对应的属性
            </summary>
        </member>
        <member name="P:Buffalo.GeneratorInfo.EntityInfo.CheckItem">
            <summary>
            选中的项
            </summary>
        </member>
        <member name="T:Buffalo.GeneratorInfo.TableInfo">
            <summary>
            属性的关联数据库信息
            </summary>
        </member>
        <member name="M:Buffalo.GeneratorInfo.TableInfo.#ctor(System.Boolean,System.String,System.Int32,System.Boolean,System.Data.DbType)">
            <summary>
            属性的关联数据库信息
            </summary>
            <param name="isPrimary">是否主键</param>
            <param name="paramName">对应的字段名</param>
            <param name="length">长度</param>
            <param name="isReadonly">是否只读</param>
            <param name="sqlType">数据库类型</param>
        </member>
        <member name="P:Buffalo.GeneratorInfo.TableInfo.Length">
            <summary>
            数据库长度
            </summary>
        </member>
        <member name="P:Buffalo.GeneratorInfo.TableInfo.Readonly">
            <summary>
            是否只读属性
            </summary>
        </member>
        <member name="P:Buffalo.GeneratorInfo.TableInfo.SqlType">
            <summary>
            数据库类型
            </summary>
        </member>
        <member name="P:Buffalo.GeneratorInfo.TableInfo.IsPrimary">
            <summary>
            是否主键
            </summary>
        </member>
        <member name="P:Buffalo.GeneratorInfo.TableInfo.ParamName">
            <summary>
            字段名
            </summary>
        </member>
        <member name="T:Buffalo.GeneratorInfo.RelationInfo">
            <summary>
            属性的外键信息
            </summary>
        </member>
        <member name="M:Buffalo.GeneratorInfo.RelationInfo.#ctor(System.String,System.String,System.Boolean,System.String,System.String)">
            <summary>
            关联信息
            </summary>
            <param name="targetName">目标实体的属性名</param>
            <param name="sourceName">本实体的关联属性</param>
            <param name="isParent">是否主表属性</param>
            <param name="sourceType">源属性的类型</param>
            <param name="sourceTypeFullName">源属性的类型全名</param>
        </member>
        <member name="P:Buffalo.GeneratorInfo.RelationInfo.TargetName">
            <summary>
            目标实体的属性名
            </summary>
        </member>
        <member name="P:Buffalo.GeneratorInfo.RelationInfo.SourceName">
            <summary>
            本实体的关联属性
            </summary>
        </member>
        <member name="P:Buffalo.GeneratorInfo.RelationInfo.SourceType">
            <summary>
            关联属性的数值类型
            </summary>
        </member>
        <member name="P:Buffalo.GeneratorInfo.RelationInfo.SourceTypeFullName">
            <summary>
            关联属性的数值类型全名
            </summary>
        </member>
        <member name="P:Buffalo.GeneratorInfo.RelationInfo.IsParent">
            <summary>
            是否主表属性
            </summary>
        </member>
    </members>
</doc>
